{
  "id": "",
  "name": "",
  "font_family": "iconfont",
  "css_prefix_text": "icon-",
  "description": "",
  "glyphs": [
    {
      "icon_id": "6805319",
      "name": "LOL",
      "font_class": "LOL",
      "unicode": "e942",
      "unicode_decimal": 59714
    },
    {
      "icon_id": "7551345",
      "name": "首页",
      "font_class": "shouye",
      "unicode": "e678",
      "unicode_decimal": 59000
    },
    {
      "icon_id": "7817465",
      "name": "我的",
      "font_class": "yixianshi_huaban",
      "unicode": "e617",
      "unicode_decimal": 58903
    },
    {
      "icon_id": "11372734",
      "name": "影院",
      "font_class": "yingyuan",
      "unicode": "e8c0",
      "unicode_decimal": 59584
    }
  ]
}
